Date,Open,High,Low,Close,Volume
2021-09-29,90.0,124.0,90.0,92.80000305175781,318680
2021-09-30,92.0,95.19999694824219,88.5,88.5,109514
2021-10-01,88.5,90.19999694824219,84.80000305175781,84.80000305175781,88419
2021-10-04,87.5,87.9000015258789,80.0,84.0,80366
2021-10-05,82.19999694824219,82.5,78.0,80.9000015258789,86529
2021-10-06,81.80000305175781,84.5999984741211,80.69999694824219,81.9000015258789,26911
2021-10-07,81.0999984741211,86.19999694824219,81.0999984741211,86.19999694824219,16872
2021-10-08,85.30000305175781,89.5,82.80000305175781,85.0999984741211,65837
2021-10-12,87.4000015258789,88.69999694824219,84.9000015258789,88.0999984741211,10451
2021-10-13,87.0999984741211,87.0999984741211,82.80000305175781,85.9000015258789,29672
2021-10-14,85.80000305175781,85.80000305175781,83.4000015258789,83.80000305175781,6772
2021-10-15,84.69999694824219,84.69999694824219,82.9000015258789,83.80000305175781,9007
2021-10-18,84.5,84.5,82.19999694824219,83.69999694824219,12423
2021-10-19,83.5,83.5,82.0999984741211,82.30000305175781,20295
2021-10-20,82.30000305175781,82.80000305175781,79.69999694824219,80.4000015258789,23311
2021-10-21,80.4000015258789,82.9000015258789,80.4000015258789,82.9000015258789,21622
2021-10-22,82.9000015258789,82.9000015258789,80.80000305175781,81.5999984741211,17847
2021-10-25,80.80000305175781,81.80000305175781,80.0999984741211,81.0,14011
2021-10-26,81.0,82.0999984741211,80.9000015258789,81.4000015258789,24037
2021-10-27,81.9000015258789,86.69999694824219,80.69999694824219,83.5,55122
2021-10-28,85.19999694824219,85.19999694824219,81.5,83.80000305175781,44729
2021-10-29,83.69999694824219,85.0999984741211,82.5,83.0,19897
2021-11-01,84.4000015258789,84.4000015258789,79.69999694824219,81.80000305175781,75683
2021-11-02,81.5,82.0999984741211,80.0999984741211,82.0,20557
2021-11-03,82.5,82.5,81.0999984741211,82.0999984741211,41672
2021-11-04,84.0999984741211,85.0999984741211,82.30000305175781,85.0999984741211,30741
2021-11-05,83.5,84.9000015258789,83.19999694824219,84.0,30562
2021-11-08,85.0,85.19999694824219,83.30000305175781,85.19999694824219,27564
2021-11-09,86.0,86.9000015258789,83.5999984741211,86.0,34152
2021-11-10,85.69999694824219,87.4000015258789,84.80000305175781,85.69999694824219,88294
2021-11-11,87.19999694824219,97.69999694824219,86.9000015258789,91.0999984741211,273106
2021-11-12,93.19999694824219,93.19999694824219,88.80000305175781,91.0,124626
2021-11-15,92.19999694824219,94.69999694824219,91.0999984741211,92.5,67451
2021-11-16,93.30000305175781,93.30000305175781,87.0999984741211,89.0999984741211,97681
2021-11-17,88.80000305175781,93.5999984741211,88.5999984741211,93.0,73687
2021-11-18,93.4000015258789,97.9000015258789,93.30000305175781,95.9000015258789,210897
2021-11-19,98.4000015258789,105.5,96.5999984741211,100.5,197176
2021-11-22,102.5,103.5,99.0,100.5,174859
2021-11-23,100.0,100.5,98.0,99.9000015258789,82715
2021-11-24,102.5,102.5,99.19999694824219,99.80000305175781,26114
2021-11-25,100.5,100.5,97.5,99.0,106945
2021-11-26,99.0,99.0999984741211,95.0999984741211,96.30000305175781,132478
2021-11-29,95.5999984741211,96.80000305175781,94.30000305175781,96.0,56782
2021-11-30,95.0999984741211,98.0999984741211,95.0999984741211,97.5,33363
2021-12-01,97.0,97.5,96.0,96.69999694824219,52977
2021-12-02,96.9000015258789,98.0,96.5999984741211,96.9000015258789,24960
2021-12-03,97.5,98.69999694824219,95.69999694824219,98.5,20260
2021-12-06,99.9000015258789,99.9000015258789,97.30000305175781,97.30000305175781,33447
2021-12-07,97.30000305175781,98.9000015258789,95.0999984741211,98.0,24845
2021-12-08,98.5,100.0,98.0,99.0999984741211,41772
2021-12-09,99.9000015258789,99.9000015258789,97.5999984741211,99.69999694824219,24146
2021-12-10,98.19999694824219,99.9000015258789,98.19999694824219,99.0,22616
2021-12-13,99.9000015258789,99.9000015258789,95.5,99.0,49840
2021-12-14,98.5,98.5,95.4000015258789,97.9000015258789,59316
2021-12-15,99.19999694824219,99.19999694824219,96.9000015258789,98.0999984741211,28685
2021-12-16,98.0999984741211,99.4000015258789,98.0,98.0,18178
2021-12-17,98.69999694824219,100.5,98.19999694824219,98.5999984741211,24893
2021-12-20,99.0,100.5,98.80000305175781,99.5,19037
2021-12-21,99.19999694824219,100.0,98.4000015258789,98.5999984741211,5750
2021-12-22,99.0,100.0,97.0999984741211,99.0,9318
2021-12-23,99.0999984741211,100.5,99.0,100.5,93643
2021-12-24,105.0,105.0,100.5,101.0,86950
2021-12-27,103.5,105.5,102.0,104.0,121627
2021-12-28,105.0,105.0,102.0,102.0,21153
2021-12-29,102.0,105.0,102.0,102.5,30130
2021-12-30,103.0,103.5,100.0,101.5,44193
2022-01-03,100.0,102.0,100.0,100.0,38667
2022-01-04,100.5,101.5,100.5,100.5,54190
2022-01-05,100.0,101.5,98.0999984741211,99.9000015258789,59434
2022-01-06,99.9000015258789,99.9000015258789,99.0,99.9000015258789,30873
2022-01-07,99.5,100.0,97.30000305175781,98.9000015258789,72658
2022-01-10,99.9000015258789,100.0,99.4000015258789,100.0,34002
2022-01-11,99.5,100.5,95.0999984741211,95.0999984741211,32680
2022-01-12,98.0,98.0999984741211,97.5,98.0999984741211,15926
2022-01-13,98.0999984741211,98.0999984741211,96.5999984741211,97.4000015258789,23270
2022-01-14,97.0999984741211,97.4000015258789,95.4000015258789,97.0,15220
2022-01-17,97.5,97.9000015258789,96.9000015258789,97.0999984741211,12121
2022-01-18,98.0,98.0,96.80000305175781,98.0,18889
2022-01-19,98.0,98.4000015258789,97.19999694824219,97.5,34840
2022-01-20,97.30000305175781,98.0,97.19999694824219,98.0,9220
2022-01-21,97.5999984741211,99.80000305175781,97.5,99.80000305175781,47386
2022-01-24,97.5,98.30000305175781,97.5,98.30000305175781,8089
2022-01-25,98.0,98.0,95.9000015258789,96.19999694824219,9060
2022-01-26,96.69999694824219,97.0,95.9000015258789,96.69999694824219,7300
2022-02-07,97.80000305175781,98.19999694824219,97.0999984741211,97.5,24800
2022-02-08,97.80000305175781,97.9000015258789,97.0,97.5,26099
2022-02-09,97.5,97.9000015258789,96.5999984741211,97.5,18168
2022-02-10,97.0,97.19999694824219,96.5999984741211,97.0,42605
2022-02-11,96.5999984741211,97.5,96.5,96.5,26571
2022-02-14,97.30000305175781,97.30000305175781,95.69999694824219,96.4000015258789,41713
2022-02-15,95.5,95.80000305175781,92.0,93.0999984741211,104530
2022-02-16,93.9000015258789,93.9000015258789,90.4000015258789,90.69999694824219,104657
2022-02-17,93.19999694824219,93.19999694824219,89.5999984741211,90.4000015258789,74966
2022-02-18,89.69999694824219,89.9000015258789,88.69999694824219,88.69999694824219,50518
2022-02-21,88.0999984741211,89.4000015258789,87.69999694824219,88.0999984741211,73782
2022-02-22,88.69999694824219,88.69999694824219,86.69999694824219,86.69999694824219,62222
2022-02-23,88.5,88.5,87.0,87.9000015258789,57451
2022-02-24,86.19999694824219,87.0,82.30000305175781,83.5999984741211,120362
2022-02-25,83.9000015258789,84.0,82.5,83.0999984741211,118091
2022-03-01,83.4000015258789,83.4000015258789,82.0,83.0,98699
2022-03-02,82.4000015258789,82.9000015258789,81.80000305175781,82.80000305175781,88387
2022-03-03,82.4000015258789,87.19999694824219,82.19999694824219,85.0,218996
2022-03-04,84.0999984741211,85.19999694824219,83.0,85.0,162371
2022-03-07,85.69999694824219,85.69999694824219,81.0999984741211,83.0,95097
2022-03-08,82.69999694824219,84.69999694824219,82.30000305175781,82.30000305175781,92970
2022-03-09,83.9000015258789,83.9000015258789,82.19999694824219,83.19999694824219,91047
2022-03-10,83.80000305175781,83.80000305175781,80.9000015258789,80.9000015258789,126468
2022-03-11,75.30000305175781,75.5,72.0,73.5,1435000
2022-03-14,74.0,75.0,73.30000305175781,75.0,806000
2022-03-15,74.0,75.5,73.5,75.5,724000
2022-03-16,75.5,75.9000015258789,74.0999984741211,74.19999694824219,381000
2022-03-17,74.80000305175781,75.80000305175781,74.80000305175781,75.5999984741211,388000
2022-03-18,75.0,76.30000305175781,74.5,76.30000305175781,279000
2022-03-21,77.30000305175781,83.9000015258789,77.30000305175781,83.9000015258789,1698000
2022-03-22,83.4000015258789,84.69999694824219,81.0,82.69999694824219,950000
2022-03-23,82.69999694824219,82.69999694824219,80.5,81.0,717000
2022-03-24,81.0,81.0,79.19999694824219,80.4000015258789,305000
2022-03-25,81.0,86.4000015258789,80.5,85.80000305175781,1207000
2022-03-28,83.80000305175781,84.69999694824219,83.4000015258789,83.80000305175781,384000
2022-03-29,83.9000015258789,84.4000015258789,82.19999694824219,83.5999984741211,310000
2022-03-30,84.0,84.4000015258789,82.5,83.19999694824219,314000
2022-03-31,83.19999694824219,86.5999984741211,83.0,83.80000305175781,424000
2022-04-01,83.4000015258789,83.4000015258789,81.0999984741211,82.0,325000
2022-04-06,82.30000305175781,82.4000015258789,81.0,81.0,162000
2022-04-07,81.0,81.0999984741211,77.5,78.0,293000
2022-04-08,78.5,79.80000305175781,77.5,77.80000305175781,145000
2022-04-11,77.80000305175781,77.80000305175781,74.5,75.0999984741211,316000
2022-04-12,74.69999694824219,75.30000305175781,74.0,75.30000305175781,90000
2022-04-13,75.5999984741211,76.5999984741211,75.5999984741211,76.4000015258789,81000
2022-04-14,76.5,76.9000015258789,76.0,76.9000015258789,56000
2022-04-15,76.9000015258789,77.5999984741211,76.0,76.80000305175781,109000
2022-04-18,76.80000305175781,76.9000015258789,75.0999984741211,75.0999984741211,109000
2022-04-19,75.0999984741211,75.5,75.0,75.0,61000
2022-04-20,75.69999694824219,75.69999694824219,75.19999694824219,75.5,36000
2022-04-21,75.5999984741211,76.30000305175781,75.5999984741211,76.0999984741211,33000
2022-04-22,76.0,76.19999694824219,75.69999694824219,75.9000015258789,47000
2022-04-25,75.5,75.5,73.0999984741211,73.4000015258789,179000
2022-04-26,73.5,74.0,73.19999694824219,74.0,68000
2022-04-27,73.0,73.0,71.0,71.80000305175781,213000
2022-04-28,72.5,72.5999984741211,71.69999694824219,71.69999694824219,44000
2022-04-29,72.0,73.0,71.0,71.5999984741211,59000
2022-05-03,71.69999694824219,71.9000015258789,71.30000305175781,71.5999984741211,30000
2022-05-04,72.19999694824219,76.4000015258789,72.19999694824219,74.19999694824219,150000
2022-05-05,75.30000305175781,75.69999694824219,74.30000305175781,74.30000305175781,80000
2022-05-06,73.19999694824219,73.4000015258789,72.69999694824219,73.0,49000
2022-05-09,73.0,75.0,72.80000305175781,74.19999694824219,97000
2022-05-10,73.4000015258789,74.5999984741211,72.4000015258789,74.19999694824219,52000
2022-05-11,75.0,75.69999694824219,74.4000015258789,75.0,150000
2022-05-12,74.5,75.5,74.30000305175781,74.30000305175781,87000
2022-05-13,74.9000015258789,78.0,74.4000015258789,77.0999984741211,202000
2022-05-16,78.0,78.0,74.9000015258789,75.19999694824219,143000
2022-05-17,75.4000015258789,75.5999984741211,75.0999984741211,75.30000305175781,34000
2022-05-18,75.69999694824219,76.69999694824219,75.5999984741211,77.0,57000
2022-05-19,75.5999984741211,75.5999984741211,74.0999984741211,74.80000305175781,87000
2022-05-20,74.80000305175781,75.9000015258789,74.4000015258789,74.69999694824219,31000
2022-05-23,75.0,77.0999984741211,75.0,76.5,129000
2022-05-24,77.0,77.0,76.0,76.0,64000
2022-05-25,76.0,77.0,75.69999694824219,76.5999984741211,93000
2022-05-26,77.5,78.80000305175781,76.69999694824219,76.80000305175781,151000
2022-05-27,77.0,78.69999694824219,77.0,78.0,137000
2022-05-30,78.80000305175781,83.0,78.80000305175781,81.5999984741211,552000
2022-05-31,81.19999694824219,82.5,80.69999694824219,81.69999694824219,192000
2022-06-01,81.5,82.5,80.80000305175781,80.80000305175781,127000
2022-06-02,80.80000305175781,81.30000305175781,79.0999984741211,79.4000015258789,146000
2022-06-06,79.4000015258789,80.0999984741211,79.30000305175781,79.5,73000
2022-06-07,79.19999694824219,80.0999984741211,79.19999694824219,79.69999694824219,49000
2022-06-08,79.69999694824219,80.30000305175781,79.69999694824219,79.9000015258789,76000
2022-06-09,78.9000015258789,79.69999694824219,78.5999984741211,79.5999984741211,192000
2022-06-10,79.5999984741211,79.5999984741211,79.0,79.0,48000
2022-06-13,77.80000305175781,78.30000305175781,77.80000305175781,78.19999694824219,34000
2022-06-14,78.19999694824219,78.19999694824219,77.0,78.0,112000
2022-06-15,77.30000305175781,78.5,77.30000305175781,77.9000015258789,41000
2022-06-16,78.19999694824219,78.80000305175781,77.5,77.5,138000
2022-06-17,76.80000305175781,76.80000305175781,75.80000305175781,76.4000015258789,96000
2022-06-20,76.9000015258789,77.30000305175781,74.0,74.19999694824219,108000
2022-06-21,73.5999984741211,75.69999694824219,73.5999984741211,75.0,104000
2022-06-22,75.0999984741211,75.0999984741211,73.0999984741211,73.0999984741211,71000
2022-06-23,73.0999984741211,73.30000305175781,72.30000305175781,72.80000305175781,69000
2022-06-24,73.0,74.5,73.0,73.5999984741211,41000
2022-06-27,74.0999984741211,77.9000015258789,74.0999984741211,76.69999694824219,87000
2022-06-28,76.0,76.0,75.30000305175781,75.5,36000
2022-06-29,75.80000305175781,75.80000305175781,74.5999984741211,74.80000305175781,29000
2022-06-30,74.30000305175781,74.30000305175781,72.80000305175781,72.80000305175781,60000
2022-07-01,72.0,72.0999984741211,69.5,69.5,314000
2022-07-04,70.0,71.19999694824219,69.5,69.80000305175781,75000
2022-07-05,71.30000305175781,73.0,70.0,70.69999694824219,82000
2022-07-06,70.69999694824219,72.19999694824219,69.5999984741211,70.0999984741211,94000
2022-07-07,71.5,72.5,71.0999984741211,71.0999984741211,94000
2022-07-08,71.30000305175781,73.5,71.30000305175781,72.5,69000
2022-07-11,73.69999694824219,73.69999694824219,71.4000015258789,71.4000015258789,45000
2022-07-12,71.0,71.0,69.5,69.80000305175781,61000
2022-07-13,71.0999984741211,71.30000305175781,70.5,71.0,47000
2022-07-14,70.5,71.9000015258789,70.5,71.5999984741211,36000
2022-07-15,71.19999694824219,71.4000015258789,70.80000305175781,70.80000305175781,30000
2022-07-18,70.9000015258789,71.5,70.9000015258789,71.19999694824219,16000
2022-07-19,71.5,73.19999694824219,71.5,72.19999694824219,108000
2022-07-20,73.0,73.0,71.30000305175781,71.9000015258789,82000
2022-07-21,71.9000015258789,72.4000015258789,71.19999694824219,72.0999984741211,54000
2022-07-22,72.0,73.19999694824219,71.9000015258789,72.0999984741211,71000
2022-07-25,73.4000015258789,73.4000015258789,71.5999984741211,72.80000305175781,38000
2022-07-26,73.30000305175781,73.4000015258789,72.0,72.5999984741211,65000
2022-07-27,70.0,70.19999694824219,69.5,70.0999984741211,56000
2022-07-28,71.19999694824219,71.19999694824219,70.19999694824219,70.19999694824219,52000
2022-07-29,70.4000015258789,70.69999694824219,70.4000015258789,70.4000015258789,31000
2022-08-01,70.4000015258789,71.19999694824219,70.4000015258789,71.0,36000
2022-08-02,72.0,72.0,70.5,70.5999984741211,55000
2022-08-03,70.80000305175781,73.5,70.80000305175781,71.30000305175781,109000
2022-08-04,71.30000305175781,71.30000305175781,70.0999984741211,70.5999984741211,58000
2022-08-05,71.5999984741211,72.0,71.0,71.69999694824219,61000
2022-08-08,71.69999694824219,72.80000305175781,71.5,72.69999694824219,52000
2022-08-09,72.9000015258789,76.0,72.9000015258789,75.0,257000
2022-08-10,75.0,75.0,73.9000015258789,74.4000015258789,96000
2022-08-11,75.5999984741211,75.5999984741211,74.5,75.0,99000
2022-08-12,74.30000305175781,74.30000305175781,73.5,74.30000305175781,60000
2022-08-15,74.69999694824219,75.19999694824219,74.19999694824219,74.9000015258789,88000
2022-08-16,74.9000015258789,77.9000015258789,74.9000015258789,77.5999984741211,350000
2022-08-17,75.69999694824219,77.0,74.5,74.69999694824219,300000
2022-08-18,74.5999984741211,75.0,74.0999984741211,74.9000015258789,139000
2022-08-19,74.80000305175781,75.5,74.5,75.5,114000
2022-08-22,75.4000015258789,76.5999984741211,74.5,76.19999694824219,41000
2022-08-23,75.69999694824219,75.69999694824219,74.5999984741211,75.4000015258789,66000
2022-08-24,75.4000015258789,76.19999694824219,74.5999984741211,75.4000015258789,83000
2022-08-25,75.5999984741211,75.9000015258789,75.0999984741211,75.4000015258789,51000
2022-08-26,76.0,76.5,75.30000305175781,75.30000305175781,66000
2022-08-29,74.80000305175781,74.80000305175781,74.0999984741211,74.5,85000
2022-08-30,74.5,74.69999694824219,74.30000305175781,74.4000015258789,68000
2022-08-31,74.4000015258789,75.4000015258789,74.30000305175781,74.80000305175781,88000
2022-09-01,74.80000305175781,77.5999984741211,74.5,76.30000305175781,241000
2022-09-02,76.5,76.5999984741211,75.5,75.69999694824219,124000
2022-09-05,75.69999694824219,76.4000015258789,75.30000305175781,75.80000305175781,105000
2022-09-06,75.5,76.19999694824219,74.5,74.80000305175781,121000
2022-09-07,74.30000305175781,75.0,73.69999694824219,74.0999984741211,59000
2022-09-08,74.80000305175781,76.0,74.5,76.0,91000
2022-09-12,76.9000015258789,76.9000015258789,75.0,75.5,107000
2022-09-13,76.0999984741211,80.0,75.80000305175781,78.0,846000
2022-09-14,77.0,82.80000305175781,76.69999694824219,81.5999984741211,1177000
2022-09-15,81.4000015258789,82.0999984741211,79.0,79.5,613000
2022-09-16,79.5,80.9000015258789,78.5999984741211,79.30000305175781,286000
2022-09-19,80.30000305175781,81.5,77.80000305175781,78.0,407000
2022-09-20,79.0,79.5,77.69999694824219,78.4000015258789,123000
2022-09-21,79.19999694824219,81.4000015258789,78.69999694824219,79.4000015258789,455000
2022-09-22,79.4000015258789,86.9000015258789,79.0,84.0999984741211,978000
2022-09-23,84.0999984741211,85.5,80.30000305175781,81.30000305175781,578000
2022-09-26,81.4000015258789,84.69999694824219,77.80000305175781,78.30000305175781,861000
2022-09-27,80.30000305175781,83.0,78.4000015258789,82.0,846000
2022-09-28,82.69999694824219,84.4000015258789,78.5999984741211,80.0,1120000
2022-09-29,82.0,86.80000305175781,81.5999984741211,86.5999984741211,1863000
2022-09-30,85.5999984741211,90.80000305175781,82.80000305175781,83.0999984741211,2702000
2022-10-03,82.80000305175781,84.0,79.5,79.69999694824219,927000
2022-10-04,81.30000305175781,81.80000305175781,80.0,80.19999694824219,496000
2022-10-05,81.5,86.4000015258789,81.0,84.19999694824219,1527000
2022-10-06,85.5,87.4000015258789,83.0,83.0,1174000
2022-10-07,83.69999694824219,84.4000015258789,81.4000015258789,81.4000015258789,469000
2022-10-11,78.4000015258789,78.4000015258789,73.30000305175781,73.30000305175781,1156000
2022-10-12,73.0,73.0,66.4000015258789,66.9000015258789,1008000
2022-10-13,66.9000015258789,69.4000015258789,65.5,65.5,572000
2022-10-14,68.4000015258789,69.0,67.9000015258789,68.0,278000
2022-10-17,67.0,68.30000305175781,65.80000305175781,67.69999694824219,122000
2022-10-18,69.69999694824219,69.69999694824219,67.19999694824219,67.80000305175781,99000
2022-10-19,67.80000305175781,68.0,66.5999984741211,66.5999984741211,162000
2022-10-20,65.69999694824219,69.0,65.69999694824219,68.0999984741211,234000
2022-10-21,68.4000015258789,73.0,68.19999694824219,70.80000305175781,587000
2022-10-24,72.0,72.80000305175781,69.80000305175781,69.80000305175781,239000
2022-10-25,69.19999694824219,69.19999694824219,66.9000015258789,66.9000015258789,233000
2022-10-26,67.0999984741211,67.69999694824219,66.30000305175781,66.5999984741211,140000
2022-10-27,67.0,67.4000015258789,66.0,67.0,164000
2022-10-28,66.30000305175781,67.0,64.0,64.0,295000
2022-10-31,64.69999694824219,65.0999984741211,64.19999694824219,65.0,83000
2022-11-01,64.69999694824219,67.0,64.69999694824219,66.69999694824219,149000
2022-11-02,66.69999694824219,68.5,66.69999694824219,67.0,148000
2022-11-03,67.0,67.9000015258789,66.19999694824219,67.19999694824219,123000
2022-11-04,67.19999694824219,68.9000015258789,67.19999694824219,68.69999694824219,154000
2022-11-07,69.0999984741211,69.5999984741211,67.69999694824219,68.4000015258789,153000
2022-11-08,69.5999984741211,69.5999984741211,67.80000305175781,67.80000305175781,150000
2022-11-09,68.69999694824219,69.0999984741211,67.5999984741211,67.69999694824219,148000
2022-11-10,67.5999984741211,67.5999984741211,66.19999694824219,66.5,160000
2022-11-11,68.0,68.0999984741211,66.5999984741211,67.0999984741211,164000
2022-11-14,67.30000305175781,70.4000015258789,67.30000305175781,69.5,430000
2022-11-15,69.5,70.19999694824219,68.69999694824219,69.5,218000
2022-11-16,69.80000305175781,71.0999984741211,69.0999984741211,69.0999984741211,199000
2022-11-17,69.30000305175781,71.80000305175781,69.19999694824219,71.80000305175781,343000
2022-11-18,72.5,72.5999984741211,70.4000015258789,70.5999984741211,289000
2022-11-21,71.5999984741211,71.5999984741211,69.30000305175781,69.5,193000
2022-11-22,69.5,73.30000305175781,69.30000305175781,71.0999984741211,547000
2022-11-23,71.69999694824219,72.30000305175781,70.69999694824219,71.0999984741211,220000
2022-11-24,71.19999694824219,74.4000015258789,71.0,72.0999984741211,572000
2022-11-25,72.0,72.0,70.5999984741211,70.5999984741211,222000
2022-11-28,70.0,71.0,69.9000015258789,70.9000015258789,122000
2022-11-29,71.0999984741211,74.0,71.0,73.0,548000
2022-11-30,73.5999984741211,80.30000305175781,73.5999984741211,78.80000305175781,2582000
2022-12-01,81.0,83.19999694824219,79.9000015258789,79.9000015258789,2476000
2022-12-02,80.80000305175781,82.9000015258789,78.0999984741211,78.19999694824219,1137000
2022-12-05,79.0,82.30000305175781,78.4000015258789,81.30000305175781,1564000
2022-12-06,81.4000015258789,81.69999694824219,77.69999694824219,78.0,983000
2022-12-07,78.30000305175781,80.80000305175781,77.69999694824219,78.4000015258789,695000
2022-12-08,78.4000015258789,79.4000015258789,77.5,78.0999984741211,226000
2022-12-09,78.0999984741211,78.30000305175781,76.0999984741211,76.19999694824219,327000
2022-12-12,76.0,76.9000015258789,75.9000015258789,76.0999984741211,172000
2022-12-13,76.5,76.5,74.80000305175781,74.80000305175781,168000
2022-12-14,74.9000015258789,76.0,74.9000015258789,75.9000015258789,113000
2022-12-15,75.9000015258789,79.0999984741211,75.9000015258789,77.4000015258789,268000
2022-12-16,76.30000305175781,76.80000305175781,76.0999984741211,76.30000305175781,84000
2022-12-19,75.80000305175781,76.0,75.5,75.80000305175781,74000
2022-12-20,76.0,76.0,72.69999694824219,72.69999694824219,200000
2022-12-21,73.80000305175781,73.80000305175781,71.80000305175781,72.0,145000
2022-12-22,73.69999694824219,73.69999694824219,72.19999694824219,72.69999694824219,113000
2022-12-23,71.5999984741211,73.5999984741211,71.0999984741211,73.19999694824219,153000
2022-12-26,73.5,74.19999694824219,72.80000305175781,73.19999694824219,91000
2022-12-27,73.19999694824219,74.5999984741211,73.19999694824219,74.0,123000
2022-12-28,74.0,74.19999694824219,71.69999694824219,72.19999694824219,122000
2022-12-29,72.4000015258789,73.5,70.30000305175781,73.5,205000
2022-12-30,73.5999984741211,74.5,73.19999694824219,73.4000015258789,120000
2023-01-03,72.69999694824219,73.5,72.0,72.0999984741211,88000
2023-01-04,72.5999984741211,73.9000015258789,72.0999984741211,73.9000015258789,150000
2023-01-05,73.9000015258789,74.69999694824219,72.5,72.69999694824219,130000
2023-01-06,72.69999694824219,73.19999694824219,72.4000015258789,73.0999984741211,46000
2023-01-09,73.30000305175781,74.0,73.30000305175781,73.30000305175781,82000
2023-01-10,73.4000015258789,73.80000305175781,72.30000305175781,72.80000305175781,96000
2023-01-11,73.19999694824219,73.80000305175781,72.9000015258789,73.19999694824219,66000
2023-01-12,73.5,73.5,72.0,72.5999984741211,64000
2023-01-13,72.5999984741211,73.4000015258789,72.0,72.4000015258789,84000
2023-01-16,72.5,72.5999984741211,71.5,72.4000015258789,79000
2023-01-17,72.4000015258789,73.19999694824219,72.0999984741211,72.5,70000
2023-01-30,72.80000305175781,75.19999694824219,72.80000305175781,74.0999984741211,157000
2023-01-31,74.5,76.30000305175781,74.5,75.30000305175781,198000
2023-02-01,76.5,76.5,75.5,75.69999694824219,128000
2023-02-02,76.0999984741211,76.5,74.9000015258789,76.5,184000
2023-02-03,76.0999984741211,77.4000015258789,75.5999984741211,77.19999694824219,187000
2023-02-06,76.69999694824219,78.5999984741211,76.5999984741211,77.80000305175781,288000
2023-02-07,78.69999694824219,78.69999694824219,77.19999694824219,77.9000015258789,222000
2023-02-08,78.19999694824219,79.0,78.0,78.19999694824219,286000
2023-02-09,77.0,78.80000305175781,76.4000015258789,77.5,301000
2023-02-10,78.0,81.30000305175781,77.5,78.69999694824219,535000
2023-02-13,79.0,80.0999984741211,77.4000015258789,79.5999984741211,299000
2023-02-14,80.0999984741211,80.0999984741211,78.5,78.5,204000
2023-02-15,79.30000305175781,79.4000015258789,78.0,79.0,116000
2023-02-16,79.0999984741211,80.5999984741211,79.0,79.9000015258789,271000
2023-02-17,79.5,81.30000305175781,79.5,80.80000305175781,341000
2023-02-20,80.9000015258789,85.0,80.9000015258789,82.19999694824219,1106000
2023-02-21,82.30000305175781,84.5,82.19999694824219,83.0,546000
2023-02-22,83.0,84.4000015258789,82.0999984741211,82.5,380000
2023-02-23,83.5,84.0,82.5999984741211,82.5999984741211,246000
2023-02-24,83.69999694824219,83.69999694824219,81.0,81.30000305175781,419000
2023-03-01,83.0,85.5,82.5,82.80000305175781,525000
2023-03-02,83.30000305175781,83.5999984741211,81.0,81.30000305175781,411000
2023-03-03,82.4000015258789,83.5,80.80000305175781,83.4000015258789,441000
2023-03-06,84.5999984741211,84.5999984741211,82.5999984741211,83.69999694824219,305000
2023-03-07,84.0,84.19999694824219,83.4000015258789,84.0,218000
2023-03-08,84.0,84.30000305175781,83.30000305175781,83.80000305175781,235000
2023-03-09,84.19999694824219,84.30000305175781,81.5999984741211,81.5999984741211,352000
2023-03-10,81.9000015258789,82.4000015258789,81.0,82.0,302000
2023-03-13,81.9000015258789,82.0999984741211,80.0,81.0999984741211,197000
2023-03-14,80.0999984741211,81.69999694824219,80.0999984741211,81.0,66000
2023-03-15,81.5999984741211,83.5,81.0,82.5999984741211,319000
2023-03-16,82.5999984741211,83.4000015258789,81.30000305175781,81.5,250000
2023-03-17,81.80000305175781,83.4000015258789,81.80000305175781,83.0,184000
2023-03-20,82.80000305175781,87.4000015258789,82.4000015258789,85.5,677000
2023-03-21,85.69999694824219,86.5999984741211,84.5999984741211,84.5999984741211,312000
2023-03-22,85.19999694824219,85.30000305175781,84.30000305175781,84.4000015258789,187000
2023-03-23,84.5,85.9000015258789,84.5,85.19999694824219,255000
2023-03-24,86.0,87.69999694824219,83.80000305175781,83.9000015258789,413000
2023-03-27,83.9000015258789,88.4000015258789,83.9000015258789,87.5999984741211,721000
2023-03-28,88.5,88.5,82.5999984741211,82.5999984741211,695000
2023-03-29,83.30000305175781,83.69999694824219,81.4000015258789,81.80000305175781,462000
2023-03-30,83.69999694824219,89.5,82.0999984741211,88.4000015258789,1338000
2023-03-31,94.80000305175781,94.9000015258789,89.80000305175781,90.5,1517000
2023-04-06,93.69999694824219,99.5,93.5999984741211,99.5,1979000
2023-04-07,109.0,109.0,105.5,109.0,3375000
2023-04-10,115.0,119.5,111.5,114.5,10458000
2023-04-11,112.5,118.0,110.5,115.0,5119000
2023-04-12,119.0,120.0,112.0,113.5,5123000
2023-04-13,116.0,124.5,115.0,124.5,3902000
2023-04-14,129.5,131.5,125.0,125.0,10466000
2023-04-17,126.0,137.5,121.0,137.5,4944000
2023-04-18,143.5,147.5,136.0,137.5,13360000
2023-04-19,140.0,144.0,137.0,144.0,6252000
2023-04-20,143.0,143.0,132.5,133.5,4053000
2023-04-21,133.5,141.5,128.5,141.5,9108000
2023-04-24,138.0,145.0,137.0,138.5,6779000
2023-04-25,140.5,152.0,140.0,152.0,10561000
2023-04-26,151.0,151.5,143.0,145.5,13156000
2023-04-27,145.5,153.5,144.5,148.0,17230000
2023-04-28,151.0,156.5,148.0,148.0,11520000
2023-05-02,150.5,152.0,143.5,145.0,5354000
2023-05-03,146.5,156.0,146.0,146.5,8256000
2023-05-04,148.5,149.5,140.5,143.5,4231000
2023-05-05,144.0,145.0,140.0,140.5,2720000
2023-05-08,142.0,142.5,138.0,140.0,2261000
2023-05-09,138.5,139.0,131.5,134.0,3728000
2023-05-10,136.5,137.5,133.0,133.0,2567000
2023-05-11,134.5,136.0,126.5,128.0,2839000
2023-05-12,128.5,130.5,126.0,130.0,2048000
2023-05-15,127.5,128.0,123.0,126.5,1827000
2023-05-16,123.5,127.5,123.5,126.0,1568000
2023-05-17,126.5,131.0,125.0,128.0,1874000
2023-05-18,130.0,130.0,125.0,125.0,1329000
2023-05-19,126.0,137.5,125.0,132.0,7023000
2023-05-22,133.5,137.5,133.0,134.0,2715000
2023-05-23,135.0,137.0,131.5,135.5,2049000
2023-05-24,137.0,145.0,136.5,138.0,5021000
2023-05-25,138.0,138.0,132.0,132.5,1579000
2023-05-26,132.0,133.0,128.0,132.0,1316000
2023-05-29,132.5,136.0,130.0,133.5,1438000
2023-05-30,134.5,139.5,132.0,132.0,1892000
2023-05-31,132.5,136.5,132.0,135.5,1307000
2023-06-01,135.0,137.5,133.5,134.0,1253000
2023-06-02,136.5,136.5,132.0,132.0,1182000
2023-06-05,132.5,137.5,132.5,134.5,1555000
2023-06-06,136.0,137.5,132.5,133.0,884000
2023-06-07,136.0,145.5,135.5,136.5,5720000
2023-06-08,136.0,137.5,134.0,134.5,1098000
2023-06-09,136.0,136.5,132.0,132.0,1118000
2023-06-12,132.5,133.0,126.0,127.0,1244000
2023-06-13,129.0,129.0,125.0,127.0,549000
2023-06-14,127.5,129.0,125.0,125.0,464000
2023-06-15,125.0,129.0,124.0,128.5,723000
2023-06-16,129.5,132.0,127.5,128.0,646000
2023-06-19,128.0,136.5,127.5,133.0,2906000
2023-06-20,135.5,136.5,131.0,131.0,1350000
2023-06-21,132.5,132.5,128.5,128.5,500000
2023-06-26,129.0,129.5,126.5,126.5,425000
2023-06-27,126.5,129.5,124.0,124.0,549000
2023-06-28,127.0,128.5,124.5,127.0,852000
2023-06-29,127.0,128.0,125.0,127.5,458000
2023-06-30,127.5,127.5,125.0,126.0,319000
2023-07-03,127.5,129.0,125.5,128.5,686000
2023-07-04,130.0,130.5,127.0,128.5,430000
2023-07-05,130.0,132.5,129.5,132.5,868000
2023-07-06,133.0,135.0,130.5,134.5,1676000
2023-07-07,129.0,130.5,119.0,121.5,1650000
2023-07-10,126.5,130.0,124.5,127.0,1484000
2023-07-11,129.0,129.5,124.5,124.5,648000
2023-07-12,125.0,125.0,119.5,120.5,1115000
2023-07-13,121.5,121.5,116.0,116.0,850000
2023-07-14,116.5,118.0,113.5,114.5,534000
2023-07-17,115.0,115.0,110.5,113.5,669000
2023-07-18,114.5,114.5,108.0,108.0,846000
2023-07-19,108.5,111.0,108.0,108.0,448000
2023-07-20,108.5,112.5,107.0,111.0,1037000
2023-07-21,111.0,111.0,107.0,107.0,405000
2023-07-24,107.0,107.0,101.5,103.0,740000
2023-07-25,105.0,105.0,102.5,104.0,337000
2023-07-26,104.0,105.5,102.5,104.0,285000
2023-07-27,104.0,108.0,104.0,106.5,449000
2023-07-28,106.5,109.5,102.0,109.0,807000
2023-07-31,110.5,119.5,108.0,119.5,1312000
2023-08-01,120.5,124.0,116.0,123.0,3333000
2023-08-02,122.0,129.0,118.0,119.5,3011000
2023-08-04,120.0,121.0,117.0,121.0,577000
2023-08-07,120.0,120.0,114.0,117.0,463000
2023-08-08,116.0,121.0,115.0,116.5,403000
2023-08-09,116.5,116.5,114.0,114.5,240000
2023-08-10,114.0,115.5,110.0,110.5,340000
2023-08-11,110.5,113.0,108.5,109.5,299000
2023-08-14,109.5,112.0,105.0,105.0,319000
2023-08-15,106.0,107.0,104.5,105.5,243000
2023-08-16,105.0,115.0,103.0,113.5,881000
2023-08-17,112.5,124.5,112.5,122.5,1910000
2023-08-18,122.5,129.5,122.5,126.5,3313000
2023-08-21,126.5,129.0,125.0,126.5,1373000
2023-08-22,128.0,128.0,121.0,122.5,979000
2023-08-23,127.0,131.0,123.5,125.5,2968000
2023-08-24,128.5,138.0,127.0,138.0,4435000
2023-08-25,143.5,143.5,133.0,138.0,7628000
2023-08-28,142.0,151.5,140.5,151.5,5081000
2023-08-29,140.0,145.0,136.5,142.5,7346000
2023-08-30,143.0,155.5,139.0,150.0,6589000
2023-08-31,151.0,164.5,151.0,152.0,10549000
2023-09-01,152.0,160.0,149.0,154.0,8248000
2023-09-04,155.5,157.0,150.0,151.0,3488000
2023-09-05,150.5,154.5,141.5,143.0,4147000
2023-09-06,143.0,145.0,142.0,142.0,1331000
2023-09-07,143.5,146.0,137.0,139.5,2258000
2023-09-08,141.0,143.0,137.0,140.0,2801000
2023-09-11,141.0,144.0,131.0,131.5,3632000
2023-09-12,134.0,134.5,128.5,130.0,1628000
2023-09-13,130.0,131.5,128.0,130.5,885000
2023-09-14,131.0,131.5,128.0,129.5,937000
2023-09-15,130.0,130.5,122.0,122.5,1784000
2023-09-18,124.0,126.5,117.0,117.0,2950000
2023-09-19,117.5,118.0,113.5,115.5,1333000
2023-09-20,115.0,118.0,112.5,114.5,1554000
2023-09-21,114.5,114.5,110.5,111.5,920000
2023-09-22,109.5,113.0,108.0,112.0,1194000
2023-09-25,112.0,118.5,112.0,116.5,1334000
2023-09-26,116.5,116.5,112.5,113.5,729000
2023-09-27,112.5,115.0,112.5,115.0,400000
2023-09-28,114.0,118.0,114.0,117.5,731000
2023-10-02,117.5,118.5,115.5,116.5,457000
2023-10-03,116.5,118.0,113.5,113.5,472000
2023-10-04,111.5,113.0,111.0,112.0,384000
2023-10-05,113.0,114.5,112.5,113.0,293000
2023-10-06,114.0,114.0,111.0,112.0,222000
2023-10-11,117.5,119.5,112.0,112.0,1579000
2023-10-12,111.0,115.0,111.0,115.0,255000
2023-10-13,114.0,115.0,112.0,112.5,230000
2023-10-16,112.5,114.0,111.5,112.0,234000
2023-10-17,111.5,113.0,110.0,110.5,258000
2023-10-18,110.5,110.5,102.5,104.0,738000
2023-10-19,103.5,106.0,102.0,103.0,370000
2023-10-20,103.0,103.0,98.80000305175781,100.5,736000
2023-10-23,100.0,105.0,100.0,103.5,479000
2023-10-24,103.5,106.0,102.0,105.0,312000
2023-10-25,105.5,107.0,105.0,106.0,132000
2023-10-26,106.0,109.5,104.5,107.5,523000
2023-10-27,107.5,108.5,105.0,106.0,201000
2023-10-30,105.5,106.5,105.0,105.0,66000
2023-10-31,106.0,107.0,101.0,101.0,232000
2023-11-01,102.0,102.5,100.5,102.0,134000
2023-11-02,103.0,104.5,102.0,103.0,112000
2023-11-03,104.0,105.0,103.0,103.0,181000
2023-11-06,103.5,107.0,101.5,102.5,767000
2023-11-07,103.5,103.5,99.5,101.0,663000
2023-11-08,102.0,103.5,101.5,102.5,199000
2023-11-09,103.0,103.0,100.5,101.0,226000
2023-11-10,101.0,101.0,99.5,99.69999694824219,363000
2023-11-13,100.5,100.5,99.30000305175781,100.5,208000
2023-11-14,100.0,102.0,100.0,101.0,283000
2023-11-15,102.0,104.0,101.5,102.5,279000
2023-11-16,104.0,104.5,102.5,103.5,183000
2023-11-17,103.5,104.0,102.5,103.5,169000
2023-11-20,104.5,105.0,103.5,103.5,159000
2023-11-21,104.0,104.5,103.5,103.5,159000
2023-11-22,104.0,104.5,101.0,104.0,194000
2023-11-23,104.5,107.0,104.5,107.0,520000
2023-11-24,110.0,116.0,109.0,110.0,2765000
2023-11-27,109.0,111.0,104.0,104.0,759000
2023-11-28,104.5,106.5,104.0,106.0,250000
2023-11-29,106.0,107.5,105.5,106.0,248000
2023-11-30,106.0,106.0,105.0,105.5,141000
2023-12-01,106.0,109.5,106.0,109.5,416000
2023-12-04,111.0,116.0,109.5,113.5,991000
2023-12-05,114.5,115.0,110.5,111.5,441000
2023-12-06,111.5,113.0,111.0,112.0,287000
2023-12-07,111.5,115.0,111.0,111.0,353000
2023-12-08,111.5,113.0,109.5,110.0,209000
2023-12-11,112.5,115.0,111.5,115.0,1035000
2023-12-12,117.5,117.5,113.5,113.5,715000
2023-12-13,115.5,115.5,113.0,113.5,351000
2023-12-14,113.5,114.0,112.0,112.0,266000
2023-12-15,112.5,113.0,109.5,109.5,358000
2023-12-18,109.5,113.0,109.5,111.0,239000
2023-12-19,111.0,111.0,107.0,107.5,293000
2023-12-20,108.0,110.0,106.5,108.0,317000
2023-12-21,108.0,111.5,108.0,108.0,416000
2023-12-22,108.0,109.0,106.5,107.0,199000
2023-12-25,107.0,107.5,106.0,106.5,118000
2023-12-26,106.5,106.5,104.5,106.5,173000
2023-12-27,106.0,108.0,106.0,107.5,128000
2023-12-28,107.5,108.0,106.5,106.5,67000
2023-12-29,106.5,108.5,106.5,108.5,202000
2024-01-02,108.5,108.5,107.5,107.5,52000
2024-01-03,108.0,108.0,106.0,106.0,87000
2024-01-04,105.5,106.5,105.5,105.5,83000
2024-01-05,105.5,109.0,105.5,108.0,117000
2024-01-08,109.5,109.5,106.5,106.5,147000
2024-01-09,106.5,106.5,102.0,102.0,467000
2024-01-10,105.0,108.5,101.0,102.0,961000
2024-01-11,103.0,103.0,101.0,102.5,184000
2024-01-12,102.5,104.5,102.5,103.5,207000
2024-01-15,103.5,103.5,103.5,103.5,0
2024-01-16,103.5,104.0,101.0,101.5,147000
2024-01-17,101.5,103.0,100.0,100.5,199000
2024-01-18,100.5,100.5,99.0,100.0,137000
2024-01-19,100.5,101.0,99.5,101.0,94000
2024-01-22,101.0,102.5,100.5,102.5,88000
2024-01-23,101.0,101.5,101.0,101.5,56000
2024-01-24,101.5,103.0,101.5,102.5,57000
2024-01-25,103.5,103.5,102.0,103.5,102000
2024-01-26,103.0,103.0,102.0,102.5,75000
2024-01-29,103.0,104.0,102.0,103.5,177000
2024-01-30,104.0,104.0,102.0,102.0,146000
2024-01-31,102.0,102.0,101.0,101.0,101000
2024-02-01,101.5,102.5,101.0,102.0,58000
2024-02-02,101.5,101.5,100.5,100.5,155000
2024-02-05,102.0,102.0,100.5,101.5,48000
2024-02-15,103.5,106.0,100.0,106.0,300000
2024-02-16,107.0,109.0,105.5,108.0,508000
2024-02-19,110.5,111.0,108.5,108.5,544000
2024-02-20,109.0,110.5,107.0,109.0,296000
2024-02-21,109.0,112.5,109.0,110.5,468000
2024-02-22,112.0,119.0,110.5,117.5,1795000
2024-02-23,117.5,123.0,115.0,121.0,2900000
2024-02-26,122.0,133.0,122.0,132.0,3569000
2024-02-27,132.0,132.0,125.0,127.0,1855000
2024-02-29,125.5,129.0,125.5,127.5,911000
2024-03-01,129.0,135.0,128.5,134.0,3652000
2024-03-04,134.5,137.5,131.0,137.0,2217000
2024-03-05,136.5,137.0,129.5,133.0,2889000
2024-03-06,131.5,132.5,130.0,131.0,915000
2024-03-07,131.5,133.0,127.5,133.0,1777000
2024-03-08,133.0,133.5,123.0,125.5,1512000
2024-03-11,124.5,127.5,121.0,121.5,707000
2024-03-12,121.5,124.5,121.5,123.5,374000
2024-03-13,124.0,124.5,120.0,120.5,470000
2024-03-14,122.0,122.0,113.5,113.5,1004000
2024-03-15,113.5,114.0,110.5,111.0,615000
2024-03-18,112.5,113.0,109.5,112.5,491000
2024-03-19,114.5,117.0,112.0,112.0,950000
2024-03-20,112.0,114.0,111.0,112.5,327000
2024-03-21,113.5,114.0,112.0,112.5,563000
2024-03-22,113.0,122.0,113.0,120.5,1687000
2024-03-25,120.5,120.5,120.5,120.5,0
2024-03-26,120.5,120.5,120.5,120.5,0
2024-03-27,117.5,125.5,117.5,121.5,1329000
2024-03-28,123.5,129.5,123.0,123.5,2157000
2024-03-29,127.5,127.5,119.5,120.0,710000
2024-04-01,118.5,123.0,118.0,121.5,621000
2024-04-02,122.0,122.5,118.5,120.0,455000
2024-04-03,122.5,124.0,120.5,120.5,659000
2024-04-08,121.5,122.0,116.0,116.0,686000
2024-04-09,114.0,117.5,112.5,117.5,810000
2024-04-10,118.5,119.0,116.0,116.0,462000
2024-04-11,116.0,116.0,113.0,113.5,481000
2024-04-12,114.0,114.5,112.5,113.5,423000
2024-04-15,115.0,121.5,115.0,117.5,1872000
2024-04-16,118.5,121.5,110.5,110.5,1394000
2024-04-17,112.0,114.5,112.0,114.0,327000
2024-04-18,114.0,117.0,112.5,115.0,478000
2024-04-19,115.0,115.0,107.0,110.5,695000
2024-04-22,112.0,113.5,107.5,107.5,364000
2024-04-23,110.0,110.5,107.5,110.0,176000
2024-04-24,109.5,112.5,109.0,112.0,223000
2024-04-25,113.0,113.0,109.5,109.5,183000
2024-04-26,110.0,111.0,108.0,108.5,191000
2024-04-29,108.5,110.0,108.0,108.5,258000
2024-04-30,108.5,109.5,108.0,108.5,125000
2024-05-02,108.5,109.0,107.0,109.0,167000
2024-05-03,109.5,110.0,107.0,107.5,216000
2024-05-06,109.0,109.5,107.5,107.5,182000
2024-05-07,107.5,108.0,106.5,108.0,172000
2024-05-08,108.0,110.5,107.0,110.0,182000
2024-05-09,111.0,114.0,110.5,111.0,528000
2024-05-10,111.5,112.0,109.5,110.0,193000
2024-05-13,112.0,112.0,110.0,110.0,131000
2024-05-14,111.5,117.5,111.0,117.5,1059000
2024-05-15,118.0,118.5,113.5,114.0,598000
2024-05-16,115.0,115.5,112.5,112.5,206000
2024-05-17,112.5,117.5,112.5,115.5,504000
2024-05-20,116.0,117.0,114.0,115.0,386000
2024-05-21,114.5,117.5,113.0,116.5,364000
2024-05-22,117.5,117.5,114.5,115.0,231000
2024-05-23,116.0,118.5,113.5,114.0,595000
2024-05-24,113.5,114.5,113.0,113.5,169000
2024-05-27,113.5,114.5,113.0,113.5,167000
2024-05-28,115.0,115.0,113.5,113.5,134000
2024-05-29,114.0,115.0,111.5,111.5,202000
2024-05-30,111.5,112.5,108.0,109.0,411000
2024-05-31,110.0,111.5,107.5,110.0,287000
2024-06-03,111.0,111.0,109.5,109.5,96000
2024-06-04,110.0,111.5,109.5,109.5,183000
2024-06-05,110.5,110.5,108.0,109.0,145000
2024-06-06,109.5,111.0,108.0,109.0,266000
2024-06-07,110.0,114.0,109.0,113.0,505000
2024-06-11,115.5,115.5,110.5,110.5,338000
2024-06-12,110.5,111.0,109.5,110.0,115000
2024-06-13,108.5,110.0,108.5,109.0,189000
2024-06-14,109.5,110.5,108.5,110.0,154000
2024-06-17,110.5,111.0,109.0,111.0,148000
2024-06-18,111.0,111.5,109.5,110.0,138000
2024-06-19,110.0,111.0,109.0,110.5,185000
2024-06-20,111.0,116.0,111.0,112.0,764000
2024-06-21,114.5,118.5,114.0,115.0,1190000
2024-06-24,115.5,118.0,114.5,117.0,540000
2024-06-25,117.0,118.0,112.5,115.0,535000
2024-06-26,115.5,117.0,115.0,116.0,249000
2024-06-27,116.0,117.5,113.5,116.5,278000
2024-06-28,116.5,117.5,115.5,117.0,335000
2024-07-01,118.5,121.0,115.0,116.0,567000
2024-07-02,116.5,118.5,115.5,116.0,175000
2024-07-03,117.0,117.5,114.0,114.0,165000
2024-07-04,116.0,119.0,113.5,117.0,649000
2024-07-05,118.0,119.5,116.5,119.0,506000
2024-07-08,120.0,120.5,115.5,115.5,406000
2024-07-09,116.5,116.5,112.5,114.0,386000
2024-07-10,116.0,120.5,114.5,118.5,739000
2024-07-11,121.0,121.5,117.0,117.0,354000
2024-07-12,116.0,116.5,114.5,114.5,188000
2024-07-15,116.5,125.5,114.0,125.5,2609000
2024-07-16,126.0,131.5,122.0,123.0,3835000
2024-07-17,125.5,131.0,125.5,129.5,2699000
2024-07-18,127.0,135.0,127.0,127.5,4127000
2024-07-19,128.0,128.5,121.5,122.0,1517000
2024-07-22,122.0,128.0,122.0,125.0,2040000
2024-07-23,127.5,136.5,125.5,131.0,5401000
2024-07-26,126.0,133.5,124.5,125.5,3051000
2024-07-29,125.5,126.0,115.5,115.5,1722000
2024-07-30,115.5,115.5,108.5,113.0,1253000
2024-07-31,112.5,112.5,102.0,103.0,2781000
2024-08-01,105.5,109.0,104.0,109.0,920000
2024-08-02,104.5,105.5,102.0,103.5,925000
2024-08-05,100.5,100.5,93.19999694824219,93.19999694824219,1347000
2024-08-06,96.9000015258789,96.9000015258789,83.9000015258789,87.9000015258789,1162000
2024-08-07,90.4000015258789,96.5999984741211,88.80000305175781,96.5999984741211,707000
2024-08-08,96.0,102.5,95.0,99.19999694824219,1042000
2024-08-09,102.0,106.0,102.0,106.0,723000
2024-08-12,105.0,106.0,103.0,104.0,416000
2024-08-13,107.5,111.5,104.0,109.0,939000
2024-08-14,113.0,115.5,109.0,110.5,817000
2024-08-15,111.0,113.0,108.5,109.0,487000
2024-08-16,111.5,111.5,108.0,108.0,326000
2024-08-19,108.0,110.0,106.5,107.0,221000
2024-08-20,107.0,108.0,107.0,107.0,135000
2024-08-21,106.5,108.0,104.5,105.0,251000
2024-08-22,105.5,105.5,104.0,104.5,172000
2024-08-23,105.0,109.0,104.0,106.5,526000
2024-08-26,108.5,110.5,106.5,109.5,391000
2024-08-27,111.0,111.0,107.0,108.0,311000
2024-08-28,108.5,111.5,108.5,109.5,374000
2024-08-29,109.5,112.0,108.5,110.5,317000
2024-08-30,111.0,111.0,108.5,109.0,176000
2024-09-02,110.5,111.5,108.5,111.0,241000
2024-09-03,111.5,116.5,111.5,116.5,641000
2024-09-04,111.5,114.5,106.5,111.0,547000
2024-09-05,113.0,114.0,109.0,110.0,223000
2024-09-06,110.0,111.5,108.5,108.5,173000
2024-09-09,107.0,108.5,105.0,107.0,261000
2024-09-10,107.0,108.5,102.5,103.5,301000
2024-09-11,102.5,105.0,102.5,104.0,119000
2024-09-12,112.0,114.0,108.5,114.0,1169000
2024-09-13,116.5,125.0,116.5,125.0,1579000
2024-09-16,123.0,133.0,120.5,131.0,5014000
2024-09-18,131.0,133.0,127.0,127.0,1436000
2024-09-19,128.5,135.0,126.5,131.0,2681000
2024-09-20,131.5,131.5,120.0,122.5,3233000
2024-09-23,123.0,131.0,121.0,130.0,1522000
2024-09-24,130.0,131.0,125.5,126.5,711000
2024-09-25,130.0,139.0,125.0,136.5,3056000
2024-09-26,136.0,137.0,130.0,130.0,1462000
2024-09-27,129.5,131.5,123.0,124.5,1495000
2024-09-30,124.5,126.0,122.0,122.0,452000
2024-10-01,124.0,134.0,121.0,129.5,2424000
2024-10-04,131.0,134.0,126.0,128.0,1500000
2024-10-07,131.5,131.5,127.0,127.5,847000
2024-10-08,127.0,130.0,124.0,128.0,725000
2024-10-09,128.0,128.0,120.0,121.0,1269000
2024-10-11,121.5,122.5,120.5,121.0,330000
2024-10-14,123.5,126.5,122.5,123.0,603000
2024-10-15,126.0,135.0,126.0,135.0,2119000
2024-10-16,131.5,142.5,131.0,140.5,8625000
2024-10-17,138.0,139.5,126.5,126.5,6432000
2024-10-18,126.5,136.0,124.5,130.5,4103000
2024-10-21,130.5,131.5,123.0,126.5,2764000
2024-10-22,126.0,127.0,124.0,125.5,713000
2024-10-23,125.5,127.0,124.0,125.5,603000
2024-10-24,127.0,127.0,122.5,123.0,777000
2024-10-25,122.0,125.0,121.5,122.0,487000
2024-10-28,124.0,124.0,118.0,118.5,488000
2024-10-29,118.0,118.0,113.0,114.5,744000
2024-10-30,115.0,116.0,113.5,113.5,507000
2024-11-01,111.0,114.5,110.5,114.0,501000
2024-11-04,113.5,117.0,111.5,116.5,507000
2024-11-05,117.5,117.5,115.0,115.5,151000
2024-11-06,116.5,118.0,115.0,116.5,284000
2024-11-07,120.0,122.5,118.0,118.0,781000
2024-11-08,121.0,121.0,117.0,117.0,382000
2024-11-11,117.0,120.5,117.0,120.0,301000
2024-11-12,119.0,119.0,116.0,117.0,211000
2024-11-13,115.5,117.5,115.5,116.0,260000
2024-11-14,116.0,120.5,116.0,117.5,411000
2024-11-15,119.5,121.0,118.5,119.5,331000
2024-11-18,119.5,119.5,110.5,113.5,557000
2024-11-19,114.0,118.0,114.0,117.0,443000
2024-11-20,116.5,117.5,114.0,115.0,180707
2024-11-21,115.0,116.5,114.0,114.5,192000
2024-11-22,116.5,117.0,115.0,116.0,219000
2024-11-25,116.0,118.0,116.0,117.0,140000
2024-11-26,116.0,122.0,116.0,117.5,511000
2024-11-27,118.0,120.5,116.5,117.0,324000
2024-11-28,117.0,120.5,116.5,118.5,488000
2024-11-29,120.5,121.0,118.5,118.5,430000
2024-12-02,120.0,123.0,120.0,120.0,666000
2024-12-03,122.0,123.5,121.0,122.0,441000
2024-12-04,123.5,123.5,120.5,121.5,243000
2024-12-05,121.0,122.5,119.0,119.0,418000
2024-12-06,122.0,129.0,122.0,122.0,1305000
2024-12-09,122.0,122.5,118.0,118.0,497000
2024-12-10,122.0,127.0,120.5,121.0,1255000
2024-12-11,123.0,131.5,123.0,127.0,3182000
2024-12-12,127.0,131.0,124.0,124.0,1626000
2024-12-13,123.5,127.0,122.0,122.5,578000
2024-12-16,123.5,123.5,118.5,119.0,490000
2024-12-17,119.5,121.0,119.0,121.0,161000
2024-12-18,120.0,121.0,118.0,120.0,174000
2024-12-19,117.0,119.5,117.0,118.0,207000
2024-12-20,119.0,119.0,116.0,116.0,283000
2024-12-23,116.5,118.0,116.5,117.5,140000
2024-12-24,118.0,122.0,118.0,120.0,347000
2024-12-25,120.0,122.5,119.5,121.5,176000
2024-12-26,121.5,123.0,120.0,121.0,163000
2024-12-27,121.5,125.5,121.5,123.5,620000
2024-12-30,125.5,130.0,123.5,123.5,1233000
2024-12-31,123.5,126.5,123.5,125.5,409000
2025-01-02,127.0,127.0,123.0,124.5,240000
2025-01-03,124.5,128.5,124.5,125.0,579000
2025-01-06,126.0,126.0,122.0,122.5,389000
2025-01-07,123.5,123.5,121.5,122.0,181000
2025-01-08,123.5,132.5,123.5,128.0,1942000
2025-01-09,130.0,133.0,125.5,126.5,2043000
2025-01-10,125.5,129.0,123.5,126.0,864000
2025-01-13,126.0,128.5,122.0,126.5,828000
2025-01-14,125.0,125.0,122.5,124.5,479000
2025-01-15,125.0,127.0,123.5,123.5,156000
2025-01-16,125.5,126.5,124.0,126.0,553000
2025-01-17,127.0,129.0,126.0,127.0,261000
2025-01-20,126.5,131.0,125.0,130.5,591000
2025-01-21,130.0,131.5,128.5,130.0,306000
2025-01-22,130.5,133.0,129.0,132.5,656000
2025-02-03,128.0,135.0,126.5,130.0,681247
2025-02-04,131.0,133.5,129.0,133.0,484559
2025-02-05,135.0,135.0,130.5,133.0,595200
2025-02-06,133.5,136.5,130.0,131.5,552070
2025-02-07,132.0,133.0,128.5,130.5,462028
2025-02-10,129.5,132.0,129.0,129.5,263035
2025-02-11,131.0,134.0,129.5,133.0,721213
2025-02-12,131.5,136.5,131.5,132.0,597100
2025-02-13,132.5,133.0,129.0,129.0,479237
2025-02-14,129.5,131.0,127.0,128.5,480000
2025-02-17,129.5,130.5,127.0,127.5,247015
2025-02-18,127.5,128.0,126.0,128.0,186041
2025-02-19,128.5,131.0,128.5,129.0,301135
2025-02-20,129.0,132.0,129.0,131.5,370338
2025-02-21,132.0,136.0,131.5,134.5,811536
2025-02-24,133.0,135.0,132.0,133.0,471020
2025-02-25,131.5,134.0,130.5,133.5,314037
2025-02-26,134.5,134.5,131.0,131.0,253005
2025-02-27,131.0,131.0,125.5,127.0,698659
2025-03-03,126.0,126.5,118.0,121.5,769111
2025-03-04,122.0,128.0,120.0,126.5,563196
2025-03-05,126.5,129.5,125.5,129.5,302850
2025-03-06,129.5,130.5,127.0,128.0,274010
2025-03-07,127.5,129.0,124.5,125.5,213059
2025-03-10,125.5,126.0,120.5,121.5,580131
2025-03-11,118.5,118.5,114.0,117.0,741200
2025-03-12,118.5,120.0,117.0,117.0,226172
2025-03-13,118.5,119.5,116.5,117.5,195050
2025-03-14,118.5,119.0,116.5,118.0,293001
2025-03-17,118.5,129.5,118.5,129.5,2264127
2025-03-18,135.0,142.0,128.0,141.0,6254147
2025-03-19,142.5,154.5,139.0,151.5,8931050
2025-03-20,151.0,153.0,145.0,149.0,3598463
2025-03-21,150.5,159.5,148.0,150.0,5656454
2025-03-24,154.0,165.0,152.5,165.0,4459749
2025-03-25,168.5,173.0,160.0,163.0,17952462
2025-03-26,165.0,169.5,158.0,168.0,6617711
2025-03-27,165.0,170.5,156.0,156.0,7684289
2025-03-28,156.0,163.0,152.0,156.0,14615789
2025-03-31,152.5,154.5,142.5,142.5,5814155
2025-04-01,146.0,156.5,144.5,153.0,9911030
2025-04-02,151.5,154.5,145.5,147.5,6806422
2025-04-07,133.0,133.0,133.0,133.0,51150
2025-04-08,121.5,130.5,120.0,120.0,2389395
2025-04-09,120.0,120.0,108.0,108.0,3024478
2025-04-10,118.5,118.5,118.5,118.5,552001
2025-04-11,117.0,122.5,109.5,118.5,3122100
2025-04-14,118.5,122.5,116.0,121.0,2610376
2025-04-15,122.5,130.0,122.0,128.5,8958060
2025-04-16,129.5,141.0,127.5,141.0,7612400
2025-04-17,141.0,141.0,127.0,127.0,9621061
2025-04-18,125.0,128.0,123.0,125.5,3321201
2025-04-21,125.0,126.0,118.0,121.0,2020127
2025-04-22,119.0,123.0,116.5,116.5,2343443
2025-04-23,121.5,125.5,119.0,122.0,2709403
2025-04-24,123.5,123.5,119.0,120.5,1064020
2025-04-25,123.0,128.0,121.5,124.5,2398775
2025-04-28,124.5,132.5,123.0,130.5,3235413
2025-04-29,132.5,134.5,128.0,132.0,4842391
2025-04-30,132.5,135.0,131.0,132.0,2162191
2025-05-02,134.5,139.5,131.5,136.0,3538291
2025-05-05,142.0,144.0,127.5,132.0,4795479
2025-05-06,133.0,141.5,132.5,136.0,6494311
2025-05-07,137.5,139.5,134.0,135.5,4561035
2025-05-08,135.0,142.0,134.5,138.0,3444212
2025-05-09,139.5,141.5,135.0,138.0,3040112
2025-05-12,138.5,138.5,135.5,137.0,981300
2025-05-13,137.5,139.0,135.5,137.0,1690094
2025-05-14,139.0,144.5,138.5,144.5,4957274
2025-05-15,147.5,154.5,143.0,145.5,7678070
2025-05-16,144.5,147.0,143.0,146.0,1575159
2025-05-19,146.5,146.5,140.0,141.5,1532464
2025-05-20,143.5,145.0,136.5,136.5,1872118
2025-05-21,137.0,140.0,137.0,138.0,749000
2025-05-22,136.5,137.0,135.0,135.0,433131
2025-05-23,136.0,136.5,132.5,132.5,314100
2025-05-26,133.0,133.5,130.0,130.0,468375
2025-05-27,129.5,131.0,127.0,127.0,451043
2025-05-28,129.5,130.0,124.5,126.5,647094
2025-05-29,127.0,127.5,121.5,123.5,871135
2025-06-02,121.5,124.5,120.5,122.0,991041
2025-06-03,123.0,123.5,120.0,121.0,619057
2025-06-04,122.0,124.5,122.0,124.5,560139
2025-06-05,123.5,125.0,122.5,123.5,469004
2025-06-06,123.5,124.5,123.0,123.5,302230
2025-06-09,125.0,125.5,122.5,124.5,373030
2025-06-10,124.0,125.0,121.5,123.0,463351
2025-06-11,123.5,124.0,122.0,122.5,468163
2025-06-12,124.0,126.0,122.5,125.0,433035
2025-06-13,130.0,133.0,122.0,122.0,3387050
2025-06-16,122.5,126.5,122.0,124.0,1150035
2025-06-17,123.5,125.0,123.0,124.0,447010
2025-06-18,125.0,125.0,124.0,124.0,267021
2025-06-19,124.5,129.0,124.5,125.5,1244052
2025-06-20,126.0,127.5,123.0,124.0,497003
2025-06-23,125.0,129.0,124.0,128.5,2084407
2025-06-24,128.0,128.0,125.5,128.0,953365
2025-06-25,126.5,127.0,124.5,125.5,560180
2025-06-26,125.0,125.5,123.5,124.0,403060
2025-06-27,124.0,124.5,123.0,124.0,198060
2025-06-30,124.0,124.0,121.5,121.5,268211
2025-07-01,121.0,123.0,121.0,121.5,270175
2025-07-02,122.0,122.5,121.0,121.0,181050
2025-07-03,122.5,122.5,118.0,121.0,1507002
2025-07-04,121.5,121.5,116.0,119.5,1173384
2025-07-07,120.5,120.5,115.0,117.5,975421
2025-07-08,117.0,117.0,113.0,114.0,1862846
2025-07-09,110.0,110.0,106.5,107.0,1026300
2025-07-10,107.5,110.5,107.0,109.0,441730
2025-07-11,110.5,112.0,109.5,111.5,321056
2025-07-14,110.5,112.5,110.0,110.5,136105
2025-07-15,111.0,111.5,110.0,110.5,176155
2025-07-16,111.5,111.5,110.5,110.5,178000
2025-07-17,110.5,112.5,110.5,112.0,168010
2025-07-18,113.5,114.0,111.5,112.0,218030
2025-07-21,112.5,114.0,111.5,112.5,192200
2025-07-22,113.0,113.0,108.5,108.5,392726
2025-07-23,109.0,112.5,109.0,111.5,227050
2025-07-24,111.5,116.0,111.5,114.5,828600
2025-07-25,114.5,116.0,113.5,115.5,369150
2025-07-28,116.0,116.0,113.0,114.0,308060
2025-07-29,115.0,117.5,114.0,114.5,704000
2025-07-30,115.0,118.0,115.0,116.5,601332
2025-07-31,117.5,117.5,114.0,114.0,277035
2025-08-04,116.5,123.0,116.0,120.5,1508051
2025-08-05,121.5,123.0,120.5,122.0,850100
2025-08-06,123.0,124.5,121.0,123.0,746107
2025-08-07,123.5,123.5,119.0,120.0,681040
2025-08-08,120.0,121.5,118.5,120.0,357019
2025-08-11,123.0,127.0,122.0,126.0,1562645
2025-08-12,128.5,131.5,127.0,131.0,3109642
2025-08-13,132.0,133.0,127.0,129.5,1721640
2025-08-14,130.5,131.5,127.0,127.0,747669
2025-08-15,124.0,124.0,120.5,121.0,1150002
2025-08-18,121.0,125.0,120.5,122.0,908050
2025-08-19,122.0,122.0,118.0,118.5,747108
2025-08-20,118.0,118.0,114.5,114.5,490000
2025-08-21,115.0,117.0,115.0,115.5,354087
2025-08-22,115.5,122.5,115.5,120.0,1379050
2025-08-25,122.5,131.0,121.5,126.0,2111102
2025-08-26,129.0,136.0,128.5,132.5,4652755
2025-08-27,134.5,137.5,131.0,135.5,3623285
2025-08-28,136.5,141.5,135.5,137.5,4185621
2025-08-29,139.5,140.5,136.5,137.5,1977409
2025-09-01,140.0,140.5,133.5,134.0,1481585
2025-09-02,136.5,139.5,132.5,135.5,1596150
2025-09-03,135.5,143.0,135.0,141.5,3202416
2025-09-04,142.0,145.0,139.0,141.5,4215150
2025-09-05,142.0,143.5,138.5,139.5,1884580
2025-09-08,140.5,140.5,135.0,138.0,980122
2025-09-09,140.0,142.0,137.0,138.0,1169526
2025-09-10,139.5,141.0,137.0,138.0,1139200
2025-09-11,138.0,138.0,130.5,131.5,1308391
2025-09-12,133.0,134.0,128.5,129.5,676021
2025-09-15,129.0,131.5,125.0,125.5,757831
2025-09-16,126.5,126.5,124.0,126.5,549032
2025-09-17,126.5,126.5,124.0,124.0,395454
2025-09-18,124.5,126.5,124.5,125.0,348200
2025-09-19,126.5,127.5,125.0,125.0,298001
2025-09-22,125.0,129.0,125.0,128.0,482235
2025-09-23,128.5,128.5,124.5,125.5,389122
2025-09-24,125.0,126.5,122.5,124.0,354073
2025-09-25,124.0,127.5,124.0,125.5,392001
2025-09-26,126.0,126.0,121.0,122.0,489001
2025-09-30,122.5,125.0,121.5,124.5,415248
2025-10-01,124.0,127.0,124.0,125.0,278201
2025-10-02,129.0,129.0,125.0,125.0,357358
2025-10-03,126.0,127.5,125.0,126.0,214000
2025-10-07,126.0,127.0,123.0,125.5,331222
2025-10-08,124.0,125.0,122.5,123.5,181100
2025-10-09,124.0,125.0,122.0,122.5,334000
2025-10-13,117.0,122.5,116.5,122.0,374328
2025-10-14,124.0,124.0,117.0,117.0,555050
2025-10-15,117.5,119.5,117.5,119.0,272003
2025-10-16,120.0,121.5,119.0,119.5,192105
2025-10-17,120.0,120.0,117.0,117.0,197351
2025-10-20,117.0,118.0,117.0,118.0,89035
2025-10-21,118.0,119.5,117.0,117.5,229055
2025-10-22,118.5,119.5,117.5,117.5,136200
2025-10-23,117.5,118.0,116.0,116.0,182041
2025-10-27,117.0,117.0,113.5,117.0,347158
2025-10-28,116.5,117.0,114.5,114.5,226137
2025-10-29,115.5,116.0,113.5,113.5,197934
2025-10-30,114.5,114.5,112.0,113.0,273000
2025-10-31,114.0,114.5,113.5,113.5,137200
2025-11-03,114.0,116.0,113.5,114.5,147010
2025-11-04,115.5,117.0,113.5,113.5,268035
2025-11-05,113.0,116.5,111.0,113.5,199364
2025-11-06,114.5,115.5,113.0,114.0,132289
2025-11-07,114.5,114.5,112.0,112.5,142300
2025-11-10,113.0,114.0,112.0,113.0,124150
2025-11-11,113.0,116.0,113.0,114.5,222090
2025-11-12,114.5,118.0,114.5,117.5,268170
2025-11-13,118.5,118.5,115.0,116.5,229074
2025-11-14,108.5,112.0,108.5,110.5,696140
2025-11-17,111.5,111.5,108.5,109.0,206002
2025-11-18,109.5,109.5,104.5,105.0,337100
2025-11-19,105.0,107.0,104.5,105.5,121100
2025-11-20,107.0,108.0,106.0,107.5,85035
2025-11-21,105.0,106.5,104.0,104.5,146000
2025-11-24,105.0,107.5,105.0,107.0,129451
2025-11-25,108.0,109.5,107.5,109.0,127210
2025-11-26,109.5,118.0,109.5,114.5,1125254
2025-11-27,116.0,116.5,112.0,113.0,402030
2025-11-28,114.0,114.5,112.0,112.5,107000
2025-12-01,113.5,113.5,110.5,110.5,137067
2025-12-02,111.5,111.5,110.0,111.0,73035
2025-12-03,111.0,111.5,110.5,110.5,76067
2025-12-04,112.0,113.0,111.0,111.0,60437
2025-12-05,112.0,112.0,111.0,111.0,40033
2025-12-08,111.0,111.5,111.0,111.5,87000
2025-12-09,112.5,112.5,111.0,111.5,149070
2025-12-10,112.5,112.5,109.5,109.5,143109
2025-12-11,110.0,110.0,108.0,108.0,111057
2025-12-12,108.5,110.0,108.5,108.5,119010
2025-12-15,108.5,111.5,107.0,110.5,134000
2025-12-16,110.0,110.0,107.0,108.5,92014
2025-12-17,109.0,110.0,107.5,107.5,102000
2025-12-18,108.0,108.0,106.0,106.5,92243
2025-12-19,107.5,110.0,107.5,109.5,101041
2025-12-22,111.0,111.5,109.0,110.0,184015
2025-12-23,109.5,112.0,109.0,110.0,248400
2025-12-24,111.0,111.0,109.0,109.0,148070
2025-12-26,109.5,110.5,108.0,109.0,74051
2025-12-29,109.0,110.5,109.0,109.5,116041
2025-12-30,111.0,114.0,109.0,109.5,290072
2025-12-31,109.5,109.5,108.5,108.5,100119
2026-01-02,108.5,110.0,108.5,109.5,105020
2026-01-05,110.0,110.5,107.0,108.0,259010
2026-01-06,108.5,109.0,107.5,108.5,140130
2026-01-07,108.5,108.5,107.5,108.5,146097
2026-01-08,108.5,112.5,108.5,110.0,315150
2026-01-09,113.0,115.0,111.0,111.5,451030
2026-01-12,117.0,118.0,115.5,115.5,995420
2026-01-13,115.5,115.5,112.5,113.5,274011
2026-01-14,113.5,114.5,113.0,114.0,218102
2026-01-15,114.0,114.0,112.5,113.0,151020
2026-01-16,117.0,117.0,113.0,113.0,220108
2026-01-19,113.5,115.5,113.5,114.5,297366
2026-01-20,115.0,117.5,114.0,115.0,437074
2026-01-21,115.0,118.0,113.5,115.5,364199
2026-01-22,117.0,117.0,115.0,115.0,239046
2026-01-23,115.5,116.0,113.0,113.0,176375
2026-01-26,114.0,115.5,113.5,114.5,131000
2026-01-27,114.5,114.5,112.0,112.5,189107
2026-01-28,113.0,113.5,110.5,113.0,182200
2026-01-29,114.0,114.5,112.0,113.0,283235
2026-01-30,112.5,112.5,109.0,110.0,246038
2026-02-02,109.0,109.0,106.5,107.5,214051
2026-02-03,109.0,109.0,106.5,107.5,174210
2026-02-04,108.0,111.0,108.0,108.5,131054
2026-02-05,109.0,110.0,107.0,107.5,94125
2026-02-06,107.5,107.5,104.5,105.5,184116
2026-02-09,110.0,110.0,107.0,107.5,82043
2026-02-10,106.5,108.0,106.5,107.5,94000
2026-02-11,106.5,107.5,106.0,106.5,140100
2026-02-23,107.0,114.0,107.0,113.0,474478
2026-02-24,112.5,114.0,111.5,113.0,204042
2026-02-25,113.0,114.0,111.0,111.5,131175
2026-02-26,112.5,112.5,111.0,111.0,174371
2026-03-02,116.0,116.0,111.0,112.0,282106
2026-03-03,113.0,113.0,109.0,109.5,193000
2026-03-04,108.0,109.0,105.0,106.5,294000
2026-03-05,108.5,111.0,107.0,108.0,226004
2026-03-06,108.0,113.5,106.0,112.0,317156
2026-03-09,108.0,114.0,106.0,106.0,891273
2026-03-10,107.5,109.0,106.0,107.5,234495
2026-03-11,108.5,110.0,108.5,109.5,189197
2026-03-12,110.0,110.0,107.0,107.0,167162
2026-03-13,108.5,108.5,106.5,107.0,68052
2026-03-16,107.5,110.5,107.0,110.0,214000
2026-03-17,111.5,116.5,110.0,116.0,645523
2026-03-18,116.5,118.0,113.5,114.0,340239
2026-03-19,113.0,115.0,113.0,113.0,100088
2026-03-20,113.0,113.5,111.0,111.5,130101
2026-03-23,110.0,116.5,108.5,111.0,350011
2026-03-24,113.0,113.0,109.5,110.0,156081
2026-03-25,112.0,112.0,110.5,111.5,104051
2026-03-26,115.0,116.0,112.5,114.5,579050
2026-03-27,115.5,115.5,111.0,112.5,290621
2026-03-30,122.5,123.5,122.0,123.5,899612
2026-03-31,135.0,135.0,117.5,117.5,3281800
2026-04-01,121.0,122.0,118.0,119.0,897106
2026-04-02,119.5,119.5,115.0,116.5,401215
2026-04-07,117.0,119.5,116.0,118.0,351314
2026-04-08,119.5,120.5,118.5,118.5,346010
2026-04-09,129.0,130.0,125.5,126.5,3315223
2026-04-10,127.5,139.0,127.0,136.0,2778510
2026-04-13,136.0,141.0,133.5,139.0,2622854
2026-04-14,146.5,152.5,145.0,149.0,4760561
2026-04-15,155.0,163.5,151.5,163.5,4852588
2026-04-16,168.0,179.5,166.0,179.5,5339334
2026-04-17,185.5,197.0,185.5,197.0,4194736
2026-04-20,213.5,216.5,213.5,216.5,744154
2026-04-21,238.0,238.0,238.0,238.0,747186
2026-04-22,261.5,261.5,261.5,261.5,746209
2026-04-23,287.5,287.5,235.5,235.5,2037150
2026-04-24,245.0,245.0,212.0,221.0,1367161
2026-04-27,236.0,242.0,226.0,236.0,774907
2026-04-28,256.0,259.5,240.0,240.0,980277
2026-04-29,230.0,246.0,226.0,240.0,377839
2026-04-30,247.0,254.0,245.0,245.5,491352
2026-05-04,258.0,270.0,250.0,270.0,507807
2026-05-05,268.0,280.0,262.5,273.0,405155
2026-05-06,269.5,269.5,246.0,265.0,601527
2026-05-07,265.5,279.0,257.5,278.0,486372
2026-05-08,255.5,264.0,250.5,250.5,3425791
2026-05-11,229.0,236.5,225.5,225.5,1469683
2026-05-12,215.0,224.0,209.0,215.0,3380140
2026-05-13,213.0,223.5,211.5,213.0,2200261
2026-05-14,214.0,215.0,194.5,202.5,2895465
2026-05-15,205.0,214.0,198.0,198.0,2110189
2026-05-18,189.0,189.0,182.0,182.5,469410
2026-05-19,187.5,187.5,182.0,186.0,203082
2026-05-20,189.0,189.0,179.0,184.0,188110
2026-05-21,189.0,193.0,184.0,192.5,220917
2026-05-22,211.5,211.5,207.5,211.5,525141
2026-05-25,218.0,226.0,213.0,225.5,653065
2026-05-26,226.5,229.0,217.5,217.5,463053
2026-05-27,225.0,225.0,211.0,211.0,276761
2026-05-28,218.0,220.0,207.0,216.0,316033
2026-05-29,225.0,225.0,221.0,223.5,378650
2026-06-01,230.0,245.5,225.5,245.5,2027732
2026-06-02,249.0,250.0,221.0,225.0,3084799
2026-06-03,226.0,238.5,219.5,220.5,1493751
2026-06-04,214.0,219.5,206.0,207.5,876115
2026-06-05,203.5,206.5,197.5,202.0,508315
2026-06-08,182.0,200.5,182.0,199.5,796530
2026-06-09,202.5,207.5,200.0,205.0,481205
2026-06-10,199.5,209.5,192.5,193.0,661630
2026-06-11,190.5,196.5,183.5,190.5,544899
2026-06-12,197.0,199.0,193.0,199.0,426059
2026-06-15,203.0,204.5,197.0,199.5,433025
2026-06-16,206.0,219.0,206.0,210.0,1854212
2026-06-17,206.0,207.0,200.0,201.5,768315
2026-06-18,202.0,207.0,201.0,203.5,715050
2026-06-22,205.5,209.5,202.0,207.5,697320
2026-06-23,210.0,214.0,201.0,206.0,662400
2026-06-24,214.0,226.5,211.5,226.5,3736365
2026-06-25,239.0,241.0,220.0,224.0,3160000
2026-06-26,221.5,231.0,210.5,214.5,1853212
2026-06-29,218.0,226.5,212.0,224.5,1485221
2026-06-30,224.5,230.0,222.0,222.5,1343999
2026-07-01,224.0,230.5,217.0,217.0,997845
2026-07-02,215.0,228.5,211.5,220.5,871049
2026-07-03,219.0,241.0,217.0,233.5,2065136
2026-07-06,236.0,236.0,224.0,224.0,1113234
2026-07-07,226.0,227.5,207.0,208.5,1096231
2026-07-08,206.0,218.5,202.5,216.0,695535
2026-07-09,225.0,232.0,219.0,222.0,1333282
2026-07-10,222.0,222.0,222.0,222.0,0
2026-07-13,228.0,242.0,227.0,233.5,2578733
2026-07-14,229.5,256.5,227.5,256.5,7755662
2026-07-15,263.0,266.0,243.5,257.0,5283028
2026-07-16,248.5,256.5,231.5,231.5,2318866
2026-07-17,212.0,220.5,208.5,208.5,2081122
2026-07-20,203.0,211.0,194.5,194.5,1887006
2026-07-21,196.5,209.5,193.0,206.5,1214305
2026-07-22,207.0,214.0,207.0,212.0,1085058
2026-07-23,210.0,210.5,194.5,197.0,1201898
2026-07-24,195.0,203.0,194.5,195.5,888010
2026-07-27,196.0,196.0,186.0,190.5,690137
2026-07-28,185.5,188.0,179.5,180.0,596240
2026-07-29,181.0,183.0,162.5,169.0,1096066
2026-07-30,163.0,170.5,157.0,159.0,664064
2026-07-31,170.0,172.5,164.5,171.5,696540
2026-08-03,168.5,178.5,167.0,173.5,412050
2026-08-04,172.5,182.0,172.0,181.5,441001
2026-08-05,186.5,189.0,184.5,188.0,394050
2026-08-06,189.5,198.5,187.5,196.0,475706
2026-08-07,196.0,201.5,189.5,191.5,826112
2026-08-10,194.0,201.0,188.5,200.0,884307
2026-08-11,204.0,207.0,197.5,206.0,901229
2026-08-12,205.0,214.0,204.0,211.0,828393
2026-08-13,212.5,226.0,212.5,222.0,1229251
2026-08-14,225.0,244.0,218.5,244.0,2719592
2026-08-17,240.0,244.5,232.0,238.5,2292748
2026-08-18,242.5,242.5,220.5,220.5,1205785
2026-08-19,216.0,222.0,213.0,213.5,700500
2026-08-20,215.0,223.5,213.0,214.0,662600
2026-08-21,215.0,215.0,205.5,210.0,454020
2026-08-24,206.5,218.0,206.5,215.0,594586
2026-08-25,214.0,219.0,210.5,217.5,455100
2026-08-26,219.0,239.0,218.0,239.0,1649252
2026-08-27,244.0,255.0,240.5,240.5,2301314
2026-08-28,244.5,246.5,230.5,238.0,1161281
2026-08-31,235.5,256.5,234.5,245.0,1365130
2026-09-01,249.5,255.0,240.5,251.0,1300927
2026-09-02,255.0,256.5,241.5,243.0,1096485
2026-09-03,246.0,246.0,231.5,231.5,876855
2026-09-04,237.0,243.5,233.0,243.5,621484
2026-09-07,247.0,265.0,245.0,258.0,1670889
2026-09-08,259.0,261.0,239.5,241.0,1115533
2026-09-09,249.5,264.0,247.0,254.0,2010558
2026-09-10,254.0,254.0,237.0,239.5,1497174
2026-09-11,231.5,235.5,228.0,228.0,1103022
2026-09-14,222.0,229.5,215.5,215.5,1017010
2026-09-15,211.0,213.0,202.5,204.0,1229221
2026-09-16,204.0,213.0,204.0,212.5,622622
2026-09-17,213.0,217.5,211.0,211.5,527020
2026-09-18,215.0,232.5,214.0,224.5,1000502
2026-09-21,225.0,225.0,215.0,217.5,683743
2026-09-22,220.5,220.5,209.0,210.0,1176826
2026-09-23,210.0,212.5,207.0,207.0,672500
2026-09-24,210.5,211.0,205.0,209.5,386015
